﻿#,Path Variables,File Paths
1,OTCExposure,/Users/sshankar7/Documents/ImportData/OTCExposure.csv
2,OTCExposure_t0,/Users/sshankar7/Documents/ImportData/OTCExposure_t0.csv
3,OTCSensitivity,/Users/sshankar7/Documents/ImportData/OTCSensi.csv
4,Previous_OTCSensitivity,/Users/sshankar7/Documents/ImportData/OTCSensi_20200121.csv
5,STAVROS_Exposure,/Users/sshankar7/Documents/ImportData/STAVROS_Exp.xlsx
6,STAVROS_Sensitivity,/Users/sshankar7/Documents/ImportData/STAVROS_Sensi.xlsx
7,Previous_STAVROS_Sensitivity,/Users/sshankar7/Documents/ImportData/STAVROS_Sensi_Prev.xlsx
8,Import_PD,/Users/sshankar7/Documents/ImportData/ImportPD.xlsx
9,Static_Data,/Users/sshankar7/Documents/ImportData/StaticData.xlsx